<?xml version="1.0" encoding="UTF-8"?>
<project-private xmlns="http://www.netbeans.org/ns/project-private/1">
    <editor-bookmarks xmlns="http://www.netbeans.org/ns/editor-bookmarks/2" lastBookmarkId="0"/>
    <open-files xmlns="http://www.netbeans.org/ns/projectui-open-files/2">
        <group>
            <file>file:/C:/Users/Eduardo/Downloads/PadariaVersaoFinal%20(1)/PadariaVersaoFinal/src/view/DashboardPanel.java</file>
            <file>file:/C:/Users/Eduardo/Downloads/PadariaVersaoFinal%20(1)/PadariaVersaoFinal/src/view/AnotacaoView.java</file>
            <file>file:/C:/Users/Eduardo/Downloads/PadariaVersaoFinal%20(1)/PadariaVersaoFinal/src/view/ClienteView.java</file>
            <file>file:/C:/Users/Eduardo/Downloads/PadariaVersaoFinal%20(1)/PadariaVersaoFinal/src/view/EstoqueView.java</file>
            <file>file:/C:/Users/Eduardo/Downloads/PadariaVersaoFinal%20(1)/PadariaVersaoFinal/src/view/EncomendaView.java</file>
            <file>file:/C:/Users/Eduardo/Downloads/PadariaVersaoFinal%20(1)/PadariaVersaoFinal/src/view/ProdutoView.java</file>
            <file>file:/C:/Users/Eduardo/Downloads/PadariaVersaoFinal%20(1)/PadariaVersaoFinal/src/view/ReceitaView.java</file>
            <file>file:/C:/Users/Eduardo/Downloads/PadariaVersaoFinal%20(1)/PadariaVersaoFinal/src/view/VendaView.java</file>
            <file>file:/C:/Users/Eduardo/Downloads/PadariaVersaoFinal%20(1)/PadariaVersaoFinal/src/view/TelaPrincipal.java</file>
        </group>
    </open-files>
</project-private>
